candidate_id,canonical_id,disposition,merge_target,disposition_reason,title,candidate_description,kind,date_start,date_end,date_precision,place,lon,lat,geometry,radius_km,location_certainty,certainty,uncertainty_note,magnitude,facets,phase,importance,primary_locator_1,primary_locator_2,secondary_sources,rights_status,review_status
eb:camulodunum-surrender-43,camulodunum-surrender-43,include,,"Two independent ancient sources record Claudius taking Camulodunum and British kings submitting to him in AD 43; drawn at Colchester, with the place of the submissions left approximate.",British kings submit to Claudius at Camulodunum,"Claudius joined the invasion army, crossed the Thames, took Camulodunum (Colchester) and received the submission of British rulers; his arch in Rome later claimed eleven kings surrendered to him.",political,43,,year,"Camulodunum (Colchester), Essex",0.899,51.889,city,,approximate,high,"Dio places the capture of Camulodunum in 43 and says Claudius won over many tribes, but the arch inscription does not say where the kings submitted, and the number eleven rests on a restored, fragmentary text. The pre-Roman centre (Camulodunon) was a spread-out complex west of the later town, so the pin marks Colchester in general.",,Evidence type=ancient narrative and imperial inscription|Dating basis=historical narrative|Interpretation=number of kings (eleven) partly restored,early-roman,1,"Cassius Dio, Roman History 60.21","CIL VI 920 (= CIL VI 31203, 40416; ILS 216), Arch of Claudius, Rome","Barrett, A. A., Claudius' British victory arch in Rome, Britannia 22, 1991|Crummy, P., City of Victory: The Story of Colchester, Britain's First Roman Town, 1997",open (public domain),unverified
eb:richborough-claudian-ditches,richborough-invasion-base-43,include,,"Excavated Claudian defences at a precisely located site, the best archaeological evidence for an invasion base of AD 43; drawn as a pin.",Richborough: the Claudian invasion base,"Two parallel V-shaped ditches with a rampart, traced for about 650 m along the former coastline at Richborough (Rutupiae), Kent, dated to the Claudian period and interpreted as the defended beachhead of the AD 43 invasion.",fort,43,,year,"Richborough (Rutupiae), near Sandwich, Kent",1.332,51.293,site,,exact,medium,"The ditches are securely located and Claudian, but their exact date within the invasion years rests on finds and stratigraphy, not an inscription. That Richborough was the main landing place is an interpretation: some scholars argue for a landing, or a second landing, in the Chichester/Fishbourne area of West Sussex.",,Evidence type=excavated defensive ditches|Dating basis=Claudian finds and stratigraphy|Interpretation=defended beachhead of the AD 43 invasion|Heritage status=scheduled monument,early-roman,1,"Historic England List Entry 1014642 (Saxon Shore fort, Roman port and associated remains at Richborough)","Bushe-Fox, J. P., Reports on the Excavation of the Roman Fort at Richborough, Kent, I–IV (Reports of the Research Committee of the Society of Antiquaries of London), 1926–1949","Cunliffe, B. W. (ed.), Fifth Report on the Excavations of the Roman Fort at Richborough, Kent, 1968|Millett, M. and Wilmott, T., Rethinking Richborough, 2003|Hind, J. G. F., The invasion of Britain in AD 43: an alternative strategy for Aulus Plautius, Britannia 20, 1989|Manley, J., AD 43: The Roman Invasion of Britain: A Reassessment, 2002",citation-only,unverified
eb:river-battle-43,river-battle-43,include,,"Dio describes a two-day battle at a river crossing but does not name the river; the traditional identification with the Medway is shown as a halo over north Kent, not a pin.",The river battle of AD 43,"A two-day battle at a river crossing early in the Claudian invasion, in which auxiliaries swam the river and Hosidius Geta distinguished himself; traditionally located on the Medway.",conflict,43,,year,"A river in south-east Britain, traditionally the Medway, Kent",0.470,51.330,area,30,uncertain,medium,"Dio (60.20) gives no name for the river. The Medway, perhaps near Rochester or Aylesford, is a modern inference from a Richborough landing; if the army landed near Chichester, other rivers (such as the Arun) have been proposed. No battlefield archaeology has been identified. The halo covers the lower Medway only and shows the traditional view.",,Evidence type=single ancient narrative|Dating basis=historical narrative|Interpretation=traditionally the River Medway,early-roman,2,"Cassius Dio, Roman History 60.20",,"Frere, S. and Fulford, M., The Roman invasion of AD 43, Britannia 32, 2001|Manley, J., AD 43: The Roman Invasion of Britain: A Reassessment, 2002",open (public domain),unverified
eb:aquae-sulis,aquae-sulis,include,,"A temple and bathing complex at a securely located hot spring, with excavated buildings, altars and more than a hundred inscribed curse tablets.",Aquae Sulis: the temple and baths at Bath,"A temple to Sulis Minerva and a bathing complex built around the hot spring at Bath, begun in the later 1st century.",religious,60,90,range,"Bath, Somerset",-2.359,51.381,site,,exact,medium,"The window covers the first build only; the complex was rebuilt over centuries. Excavators place the first temple and reservoir in the late Neronian or early Flavian years (c. 65–75), but T. F. C. Blagg argued on architectural style for a later Flavian date, so the window runs to 90. The inscriptions cited are later than the first build and evidence the cult, not the construction date.",,Evidence type=excavation and inscriptions|Dating basis=architectural style and stratified finds|Heritage status=Scheduled monument (Historic England List Entry 1004678),early-roman,1,"RIB 146 (altar to Sulis Minerva and the Divinities of the Emperors, set up by the centurion Gaius Curiatius Saturninus of the Second Legion)","Tab. Sulis (curse tablets from the sacred spring), R. S. O. Tomlin, 'Tabellae Sulis', in B. Cunliffe (ed.), The Temple of Sulis Minerva at Bath, vol. 2: The Finds from the Sacred Spring, 1988","B. Cunliffe and P. Davenport, The Temple of Sulis Minerva at Bath, vol. 1: The Site, 1985|T. F. C. Blagg, 'The date of the temple of Sulis Minerva at Bath', Britannia 10, 1979|P. Davenport, 'Aquae Sulis: the origins and development of a Roman town', Bath History 8, 2000",citation-only,unverified
eb:boudica-final-battle,boudica-final-battle-60,include,,"Both ancient accounts describe the decisive defeat of the revolt but neither names the place, so it is drawn as a halo over the Watling Street corridor in the Midlands, not a pin.",The final defeat of Boudica's revolt,"Suetonius Paulinus, with a much smaller force, chose a defile backed by woodland and defeated the rebel army; Boudica died soon after (by poison in Tacitus, by illness in Dio).",conflict,60,,circa,"Probably along Watling Street, English Midlands (site unknown)",-1.350,52.400,area,70,uncertain,high,"Neither Tacitus nor Dio names the site. It is usually placed on or near Watling Street between London and Wroxeter; candidates include Mancetter (Manduessedum) and High Cross on the Warwickshire/Leicestershire border and Church Stowe in Northamptonshire, and some writers argue for sites well outside this halo. No battlefield archaeology has been confirmed. Tacitus's figures (80,000 Britons, 400 Romans killed) are not taken as reliable. The revolt is dated AD 60 or 61: Tacitus places it (with the attack on Mona) under the consuls of 61, but many scholars read his annalistic grouping as covering 60–61 and put the outbreak in 60; the atlas uses 60 (circa) for every revolt row.",,Evidence type=ancient narratives|Dating basis=historical narrative|Interpretation=on or near Watling Street; Mancetter often proposed,early-roman,1,"Tacitus, Annals 14.34–37","Cassius Dio, Roman History 62.8–12","Webster, G., Boudica: The British Revolt against Rome AD 60, 1978|Hingley, R. and Unwin, C., Boudica: Iron Age Warrior Queen, 2005",open (public domain),unverified
eb:camulodunum-destruction,camulodunum-destruction-60,include,,Tacitus's account of the sack of the colony is matched by a burnt destruction horizon excavated across Colchester; drawn as a pin on the town.,Boudica's rebels destroy Camulodunum,Iceni and Trinovantes under Boudica overran the undefended veteran colony at Camulodunum; the last defenders held the Temple of Claudius for two days before it was stormed.,conflict,60,,circa,"Camulodunum (Colchester), Essex",0.903,51.890,city,,exact,high,"The revolt is dated AD 60 or 61: Tacitus places it (with the attack on Mona) under the consuls of 61, but many scholars read his annalistic grouping as covering 60–61 and put the outbreak in 60; the atlas uses 60 (circa) for every revolt row. The burnt layer is dated by pottery and coins to the early 60s, which fits either year.",,Evidence type=ancient narrative and burnt destruction horizon|Dating basis=historical narrative; pottery and coins in the burnt layer|Heritage status=Temple podium survives beneath Colchester Castle,early-roman,1,"Tacitus, Annals 14.31–32","Cassius Dio, Roman History 62.1–2","Crummy, P., City of Victory: The Story of Colchester, Britain's First Roman Town, 1997|Hingley, R. and Unwin, C., Boudica: Iron Age Warrior Queen, 2005|Webster, G., Boudica: The British Revolt against Rome AD 60, 1978",open (public domain),unverified
eb:londinium-destruction,londinium-destruction-60,include,,"Tacitus records that London was abandoned and destroyed, and a burnt layer of this date is found across the early city; drawn as a pin on Roman London.",Boudica's rebels destroy Londinium,Suetonius Paulinus reached London but chose not to defend it; the rebels then destroyed the town and killed those who stayed.,conflict,60,,circa,Londinium (City of London),-0.087,51.512,city,,exact,high,"The revolt is dated AD 60 or 61: Tacitus places it (with the attack on Mona) under the consuls of 61, but many scholars read his annalistic grouping as covering 60–61 and put the outbreak in 60; the atlas uses 60 (circa) for every revolt row. The casualty figure Tacitus gives for London and Verulamium together (70,000) is not taken as reliable. Writing tablets from the Bloomberg site show commerce in London shortly before the revolt.",,Evidence type=ancient narrative and burnt destruction horizon|Dating basis=historical narrative; pottery in the burnt layer,early-roman,1,"Tacitus, Annals 14.33","Cassius Dio, Roman History 62.1","Tomlin, R. S. O., Roman London's First Voices: Writing Tablets from the Bloomberg Excavations, 2010–14 (MOLA Monograph 72), 2016|Wallace, L., The Origin of Roman London, 2014|Hingley, R. and Unwin, C., Boudica: Iron Age Warrior Queen, 2005",open (public domain),unverified
eb:mona-attack,mona-attack-60,include,,"Tacitus describes the Roman assault on Anglesey but gives no landing place, so it is drawn as a halo over the island and the Menai Strait.",Suetonius Paulinus attacks Mona (Anglesey),"The governor Suetonius Paulinus crossed the Menai Strait with flat-bottomed boats and cavalry, defeated defenders including druids, and cut down their sacred groves, before news of the revolt in the east recalled him.",conflict,60,,circa,Mona (Anglesey) and the Menai Strait,-4.300,53.230,area,25,uncertain,medium,"Tacitus gives no crossing point; the Menai Strait is implied but the exact place is unknown and no battlefield archaeology is identified. His picture of druids and black-robed women is literary and may be heightened. The revolt is dated AD 60 or 61: Tacitus places it (with the attack on Mona) under the consuls of 61, but many scholars read his annalistic grouping as covering 60–61 and put the outbreak in 60; the atlas uses 60 (circa) for every revolt row.",,Evidence type=ancient narrative|Dating basis=historical narrative (consular year)|Interpretation=crossing of the Menai Strait,early-roman,2,"Tacitus, Annals 14.29–30","Tacitus, Agricola 14; Cassius Dio, Roman History 62.8","Webster, G., Boudica: The British Revolt against Rome AD 60, 1978|Hingley, R. and Unwin, C., Boudica: Iron Age Warrior Queen, 2005",open (public domain),unverified
eb:verulamium-destruction,verulamium-destruction-60,include,,"Tacitus names Verulamium among the towns destroyed, and excavation found burnt shops of this date on Watling Street; drawn as a pin on the Roman town.",Boudica's rebels destroy Verulamium,"After London, the rebels sacked the town of Verulamium (St Albans); excavation found a row of timber shops on Watling Street burnt at about this time.",conflict,60,,circa,"Verulamium (St Albans), Hertfordshire",-0.354,51.750,city,,exact,high,"The revolt is dated AD 60 or 61: Tacitus places it (with the attack on Mona) under the consuls of 61, but many scholars read his annalistic grouping as covering 60–61 and put the outbreak in 60; the atlas uses 60 (circa) for every revolt row. The burnt deposits are patchy: some buildings in Insula XIV escaped, so the extent of destruction is debated.",,Evidence type=ancient narrative and burnt destruction deposits|Dating basis=historical narrative; stratigraphy and finds,early-roman,2,"Tacitus, Annals 14.33","Frere, S., Verulamium Excavations I (Reports of the Research Committee of the Society of Antiquaries of London 28), 1972","Niblett, R., Verulamium: The Roman City of St Albans, 2001|Hingley, R. and Unwin, C., Boudica: Iron Age Warrior Queen, 2005",open (public domain),unverified
eb:fishbourne-palace,fishbourne-palace,include,,"An excavated and fully published high-status residence with a secure location; its builder and owner are debated, so no owner is stated as fact.",Fishbourne Roman Palace,"A very large, lavishly decorated Roman residence near Chichester, built in the later 1st century on the site of earlier military and timber buildings.",villa,70,80,range,"Fishbourne, West Sussex",-0.812,50.838,site,,exact,medium,"The window 70–80 follows the excavator, Barry Cunliffe, who dated the palace to the 70s; Miles Russell has argued for a date in the 90s. The owner is unknown: the client king Togidubnus (Cunliffe) and the governor Sallustius Lucullus (Russell) are both proposals, not facts.",,Evidence type=excavation|Dating basis=stratified finds and building sequence|Interpretation=owner debated (Togidubnus or a Roman official proposed)|Heritage status=Registered Park and Garden Grade II* (Historic England List Entry 1001211),early-roman,1,"B. Cunliffe, Excavations at Fishbourne 1961–1969, 2 vols (Reports of the Research Committee of the Society of Antiquaries of London 26–27), 1971","Historic England List Entry 1001211 (Fishbourne Roman Palace, registered garden, with description of the palace sequence)","B. Cunliffe, Fishbourne Roman Palace, 1998 (not confirmed online)|M. Russell, Roman Sussex, 2006 (not confirmed online)",citation-only,unverified
eb:vindolanda-tablets,vindolanda-tablets,include,,"Excavated letters and accounts from a precisely located fort, published and numbered as the Tabulae Vindolandenses; drawn as a pin at the fort.",The Vindolanda writing tablets,"Wooden writing tablets from the fort at Vindolanda, recording military and everyday life on the northern frontier around the turn of the 2nd century.",text,85,120,range,"Vindolanda, Northumberland",-2.361,54.991,site,,exact,high,"The tablets come from several successive fort periods (roughly the 80s to the 120s), dated by stratigraphy and internal references, so the date is a window rather than a single year.",,Evidence type=excavated ink and stylus writing tablets|Dating basis=stratigraphy of successive fort periods|Heritage status=Scheduled monument (Historic England List Entry 1014820),early-roman,1,"Tab. Vindol. II 291 (Claudia Severa's birthday invitation to Sulpicia Lepidina), in A. K. Bowman and J. D. Thomas, The Vindolanda Writing-Tablets (Tabulae Vindolandenses II), 1994","Vindolanda Tablets Online (Centre for the Study of Ancient Documents, Oxford), the online edition of Tab. Vindol. I–II: http://vindolanda.csad.ox.ac.uk/","A. K. Bowman and J. D. Thomas, The Vindolanda Writing-Tablets (Tabulae Vindolandenses II), 1994|A. K. Bowman and J. D. Thomas, The Vindolanda Writing-Tablets (Tabulae Vindolandenses III), 2003|A. K. Bowman, Life and Letters on the Roman Frontier: Vindolanda and its People, 1994",citation-only,unverified
eb:hinton-st-mary-mosaic,hinton-st-mary-mosaic,include,,"An excavated 4th-century mosaic floor from a securely located villa building; its central bust with a chi-rho is often read as Christ, which the pack records as interpretation.",The Hinton St Mary mosaic,"A 4th-century mosaic floor over two rooms of a villa building at Hinton St Mary, with Bellerophon slaying the Chimaera in one panel and, in the other, a male bust set before a chi-rho flanked by pomegranates.",villa,300,399,range,"Hinton St Mary, Dorset",-2.307,50.946,site,,approximate,high,"The mosaic is dated on style to the 4th century, not closely. The point marks the village, near the excavated building. The bust is commonly identified as Christ, but an emperor such as Constantine has also been suggested, and the chi-rho was used by emperors as well as Christians.",,"Evidence type=mosaic floor, lifted 1965|Dating basis=style (attributed to a Dorchester/Durnovaria workshop)|Interpretation=central bust possibly Christ; an emperor also proposed|Heritage status=Scheduled monument (Historic England List Entry 1002433)",late-roman,1,"British Museum 1965,0409.1","Historic England List Entry 1002433 (Remains of Roman building, Hinton St Mary)","J. M. C. Toynbee, 'A new Roman mosaic pavement found in Dorset', Journal of Roman Studies 54, 1964 (not confirmed online)",citation-only,unverified
eb:mildenhall-treasure,mildenhall-treasure,include,,A hoard of 4th-century silver tableware now in the British Museum; drawn only approximately because the circumstances of its finding in 1942 are disputed.,The Mildenhall treasure,"A hoard of some 34 pieces of 4th-century Roman silver tableware, including the Great Dish with Oceanus and Bacchic scenes, reported as ploughed up at West Row near Mildenhall in 1942.",hoard,300,399,range,"West Row, near Mildenhall, Suffolk",0.44,52.355,site,,approximate,medium,"The silver was found by Gordon Butcher while ploughing in 1942 and kept by Sydney Ford until it was reported in 1946, so there was no record of the findspot at the time; the exact place and circumstances have long been questioned (see Hobbs 2008). The point marks West Row, not the findspot. The objects are dated by style to the 4th century; when they were buried is unknown.",,Evidence type=hoard of silver tableware|Dating basis=style|Interpretation=find-story disputed,late-roman,2,"British Museum 1946,1007 (Great Dish 1946,1007.1)","R. Hobbs, The Mildenhall Treasure: Late Roman Silver Plate from East Anglia (British Museum), 2016","R. Hobbs, 'The secret history of the Mildenhall treasure', Antiquaries Journal 88, 2008|K. S. Painter, The Mildenhall Treasure: Roman Silver from East Anglia, 1977 (not confirmed online)",citation-only,unverified
eb:water-newton-treasure,water-newton-treasure,include,,"A hoard of silver vessels and plaques bearing Christian monograms, found inside the walled Roman town of Durobrivae; drawn as a pin within the town.",The Water Newton treasure,"A 4th-century hoard of nine silver vessels and silver votive plaques, with one gold disc, many marked with the chi-rho, found at Durobrivae near Water Newton; the earliest known group of probable Christian liturgical silver from the Roman Empire.",hoard,300,399,range,"Durobrivae, near Water Newton, Cambridgeshire",-0.376,52.561,site,,approximate,high,"The hoard was found in the south-east part of the walled town; the point is placed there, not at the exact findspot. It is dated on style and inscriptions only to the 4th century (Historic England allows late 3rd or 4th), and when it was buried is not known. That the vessels served a church is an interpretation drawn from the inscriptions.",,Evidence type=hoard of silver vessels and votive plaques|Dating basis=style and Christian inscriptions|Interpretation=church plate of a Christian congregation|Heritage status=Findspot within Scheduled monument (Historic England List Entry 1021429),late-roman,1,"British Museum 1975,1002 (e.g. jug 1975,1002.1; kantharos 1975,1002.6; plaque and gold disc 1975,1002.11)",Historic England List Entry 1021429 (the fort and Roman walled town of Durobrivae),"K. S. Painter, The Water Newton Early Christian Silver, 1977",citation-only,unverified
eb:lullingstone-house-church,lullingstone-house-church,include,,Excavated wall paintings with praying figures and chi-rho monograms show rooms of a securely located villa set aside for Christian worship.,The Christian rooms at Lullingstone villa,"A suite of rooms in the Lullingstone villa in the Darent valley, decorated in the later 4th century with paintings of figures praying with raised arms (orantes) and chi-rho monograms, interpreted as a house church.",religious,350,390,range,"Lullingstone, near Eynsford, Kent",0.196,51.364,site,,exact,medium,"The paintings are dated from the building sequence and style to the second half of the 4th century; the window is approximate. They were found fallen from an upper room and have been reconstructed from fragments. Reading the rooms as a house church with an ante-room is an interpretation, though a widely accepted one.",,Evidence type=reconstructed wall paintings|Dating basis=villa building sequence and style|Interpretation=house church|Heritage status=Scheduled monument (Historic England List Entry 1007463),late-roman,1,"British Museum 1967,0407.1 (chi-rho roundel 1967,0407.1.a; orantes panel 1967,0407.1.b)","Historic England List Entry 1007463 (Lullingstone Roman villa and Saxon church, Eynsford)","G. W. Meates, The Roman Villa at Lullingstone, Kent, vol. 2: The Wall Paintings and Finds, 1987|English Heritage, History of Lullingstone Roman Villa (web page)",citation-only,unverified
eb:hoxne-hoard,hoxne-hoard,include,,A precisely recorded hoard of gold and silver whose latest coins date it after 407/408; drawn as a pin at the excavated findspot near Hoxne.,The Hoxne hoard,"A chest of late Roman gold and silver buried near Hoxne: 14,865 coins, most of them clipped silver siliquae, with about 200 pieces of gold jewellery and silver tableware.",hoard,408,450,range,"Hoxne, Suffolk",1.188,52.343,site,,approximate,medium,"The latest coins, two siliquae of the usurper Constantine III (407–408), give only the earliest possible burial date; the heavy clipping of the silver suggests some years may have passed, so the window runs to the mid-5th century. The point is approximate; the findspot is a field south-west of the village. Who owned it and why it was buried are unknown.",,"Evidence type=hoard of coins, jewellery and silver plate|Dating basis=latest coins (terminus post quem)",late-roman,1,"British Museum 1994,0408 (e.g. body-chain 1994,0408.1; pepper-pot 1994,0408.36)",,"P. Guest, The Late Roman Gold and Silver Coins from the Hoxne Treasure, 2005|C. Johns, The Hoxne Late Roman Treasure: Gold Jewellery and Silver Plate, 2010",citation-only,unverified
eb:rescript-of-honorius,rescript-of-honorius-410,include,,"A single sentence in Zosimus says Honorius wrote to the cities of Britain telling them to look to their own defence; it is drawn as a halo over Britain because it concerns the province as a whole, and whether it concerns Britain at all is debated.",The 'Rescript of Honorius',"In 410 the emperor Honorius is reported to have sent letters to the cities of Britain telling them to see to their own security, often taken as the end of Roman rule in Britain.",political,410,,year,Roman Britain (the cities of the province),-1.8,52.8,area,350,uncertain,low,"The only source is one sentence of Zosimus, writing about a century later, set amid events in Italy. Because the Greek names for Britain and for Bruttium in southern Italy are very similar, some scholars read it as a letter to Bruttium; others, notably E. A. Thompson, defend 'Britain'. If it does concern Britain, the letters went to cities across the province, not to one place.",,"Evidence type=later narrative history|Dating basis=position in Zosimus's narrative of 410|Interpretation=often taken as the end of Roman rule; possibly concerns Bruttium, not Britain",after-rome,1,"Zosimus, New History 6.10.2",,"R. T. Ridley (trans.), Zosimus: New History, 1982|E. A. Thompson, 'Zosimus 6.10.2 and the letters of Honorius', Classical Quarterly 32, 1982|P. Bartholomew, 'Fifth-century facts', Britannia 13, 1982",open (public domain),unverified
eb:tintagel-trading-site,tintagel-trading-site,include,,"Excavation on the headland found buildings and large quantities of imported Mediterranean pottery, showing a high-status site after Rome; drawn as a pin because the site is securely located.",High-status trading site at Tintagel,A high-status post-Roman settlement on the headland at Tintagel that received pottery and goods from the Mediterranean.,settlement,450,650,range,"Tintagel, Cornwall",-4.759,50.668,site,,exact,high,"The window reflects the dates of the imported pottery (Phocaean Red Slip ware, amphorae). Conventional dating puts most imports in the late 5th and 6th centuries, but recent re-dating of some Phocaean forms pushes part of the trade later, so the window runs to 650. Radford's 1930s reading of the site as a Celtic monastery has been abandoned in favour of a secular high-status centre, itself an interpretation.",,Evidence type=excavated buildings and imported Mediterranean pottery|Dating basis=typology of imported pottery|Interpretation=seat of regional rulers engaged in long-distance exchange|Heritage status=Scheduled monument (Historic England List Entry 1014793),after-rome,2,"R. C. Barrowman, C. E. Batey and C. D. Morris, Excavations at Tintagel Castle, Cornwall, 1990–1999 (Reports of the Research Committee of the Society of Antiquaries of London 74), 2007","Historic England List Entry 1014793 (Romano-British and early medieval settlement, medieval church, castle and associated features on Tintagel Island and adjoining mainland)","M. Duggan, 'Ceramic imports to Britain and the Atlantic seaboard in the fifth century and beyond', Internet Archaeology 41, 2016|C. Thomas, Tintagel: Arthur and Archaeology, 1993 (not confirmed online)",citation-only,unverified
eb:prittlewell-burial,prittlewell-burial,include,,An undisturbed princely chamber grave excavated to modern standards in 2003 and dated by radiocarbon and coins to about 580–605.,The Prittlewell princely burial,"A timber burial chamber under a vanished mound at Priory Crescent, Prittlewell, holding the coffin of a man with rich grave goods and two gold-foil crosses.",burial,580,605,range,"Prittlewell, Southend-on-Sea, Essex",0.707,51.556,site,,approximate,high,"Coordinates are for Priory Crescent beside Prittlewell Priory, taken from maps rather than the report's grid reference. Who was buried is unknown; an East Saxon royal (once proposed as King Sæberht, d. c. 616, now thought less likely given the date) is suggested but not proven.",,"Evidence type=excavation|Dating basis=radiocarbon and Frankish gold tremisses|Interpretation=a member of the East Saxon ruling family, possibly Christian",after-rome,1,"Blackmore, L., Blair, I., Hirst, S. and Scull, C., The Prittlewell Princely Burial: Excavations at Priory Crescent, Southend-on-Sea, Essex, 2003 (MOLA Monograph 73, 2019)",Archaeology Data Service archive: The Prittlewell princely burial (prittlewell_he_2019),"Hirst, S. and Scull, C., The Anglo-Saxon Princely Burial at Prittlewell, Southend-on-Sea, 2019",citation-only,unverified
eb:augustine-mission-597,augustine-canterbury-597,include,,"Bede and the Anglo-Saxon Chronicle both record the arrival of Augustine's mission in Kent in 597, and Canterbury is where it settled.",Augustine's mission reaches Canterbury,"A mission sent by Pope Gregory I and led by Augustine lands on Thanet, meets King Æthelberht of Kent and is allowed to settle and preach in Canterbury, worshipping first at the church of St Martin.",religious,597,,year,"Canterbury, Kent",1.08,51.28,city,,exact,high,The identification of the surviving St Martin's church with the Roman-period church Bede describes is probable but not proven.,,"Evidence type=historical text|Dating basis=Bede and Anglo-Saxon Chronicle annal|Heritage status=World Heritage Site (Canterbury Cathedral, St Augustine's Abbey and St Martin's Church, UNESCO 496, 1988)",after-rome,1,"Bede, Historia Ecclesiastica 1.25–26","Anglo-Saxon Chronicle, s.a. 597","Brooks, N., The Early History of the Church of Canterbury, 1984|Mayr-Harting, H., The Coming of Christianity to Anglo-Saxon England, 1972",open (public domain),unverified
eb:sutton-hoo-mound1,sutton-hoo-mound1,include,,"A precisely located, fully excavated ship burial whose purse of Frankish gold coins dates it to the early 7th century.",The Sutton Hoo ship burial,An early 7th-century ship burial under Mound 1 at Sutton Hoo in Suffolk.,burial,610,640,range,"Sutton Hoo, Suffolk",1.338,52.089,site,,exact,high,"The identification of the buried man with King Rædwald of East Anglia (died c. 624) is widely proposed but not certain; the coins give only a date after which the burial took place, and estimates of their latest date range from c. 613 to the 620s.",,Evidence type=excavation|Dating basis=Merovingian gold coins in the purse|Interpretation=possibly Rædwald|Heritage status=Scheduled monument (Historic England List Entry 1006068),kingdoms,1,"British Museum 1939,1010 (Mound 1 assemblage; e.g. helmet 1939,1010.93)","Bruce-Mitford, R. et al., The Sutton Hoo Ship-Burial, vol. 1: Excavations, Background, the Ship, Dating and Inventory (British Museum Publications, 1975)","Stahl, A. M. and Oddy, W. A., 'The date of the Sutton Hoo coins', in Farrell and Neuman de Vegvar (eds), Sutton Hoo: Fifty Years After, 1992|Carver, M., Sutton Hoo: Burial Ground of Kings?, 1998",citation-only,unverified
eb:staffordshire-hoard,staffordshire-hoard,include,,"The largest known hoard of Anglo-Saxon gold and silver metalwork, from a known findspot, dated by its published study to burial around 650–675.",The Staffordshire Hoard,"Nearly 4,600 fragments of mostly gold and silver war-gear, many with garnet inlay, buried together near Hammerwich in what was then Mercia.",hoard,650,675,range,"Hammerwich, near Lichfield, Staffordshire",-1.905,52.668,site,,approximate,high,"Coordinates are approximate for the field south of the A5 near Hammerwich; the precise findspot is not given here. The objects were made over a long period (6th to mid 7th century); why they were gathered and buried (spoils of war, tribute or a votive deposit) is debated.",,Evidence type=hoard (metal-detector find and excavation)|Dating basis=art-historical and technical study of the objects|Interpretation=war-gear stripped from defeated warriors (debated),kingdoms,1,"Fern, C., Dickinson, T. and Webster, L. (eds), The Staffordshire Hoard: an Anglo-Saxon Treasure (Society of Antiquaries of London Research Report 80, 2019)",Archaeology Data Service archive: The Staffordshire Hoard: an Anglo-Saxon Treasure (staffshoard_he_2017),"Portable Antiquities Scheme, Staffordshire Hoard Symposium papers, 2010 (finds.org.uk/staffshoardsymposium)",citation-only,unverified
eb:rendlesham-royal-settlement,rendlesham-royal-settlement,include,,"Bede names Rendlesham as an East Anglian royal settlement, and survey and excavation since 2008 have found a large, wealthy 6th–8th-century site there.","Rendlesham, East Anglian royal settlement","Bede records that King Æthelwold of East Anglia stood sponsor at the baptism of Swithhelm, king of the East Saxons, at the royal township of Rendlesham; systematic metal-detecting, geophysics and excavation have located a high-status settlement with a great hall there.",settlement,655,664,range,"Rendlesham, Suffolk",1.409,52.125,area,1.5,approximate,high,"The date window is Æthelwold's reign (655–664), within which Bede places the baptism; the settlement itself was occupied over a much longer period. The site lies on private land and its exact extent is not published in detail, so a halo is used; the coordinates are for the village, not a surveyed point.",,Evidence type=historical text and field survey|Dating basis=Bede; finds and excavation|Interpretation=the vicus regius named by Bede,kingdoms,2,"Bede, Historia Ecclesiastica 3.22","Scull, C., Everett, L. and Minter, F., 'Excavations at Rendlesham, Suffolk, 2021–2023: investigating an early-medieval royal settlement', Medieval Archaeology (2024), doi:10.1080/00766097.2024.2419190","Brookes, S., Scull, C. and Williamson, T. (eds), Lordship and Landscape in East Anglia AD 400–800: the royal centre at Rendlesham, Suffolk, and its contexts, Society of Antiquaries of London, 2024|Scull, C., Minter, F. and Plouviez, J., 'Social and economic complexity in early medieval England: a central place complex of the East Anglian kingdom at Rendlesham, Suffolk', Antiquity, 2016",open (public domain),unverified
eb:synod-of-whitby-664,synod-of-whitby-664,include,,Two early writers describe a meeting at Hild's monastery at Whitby in 664 that settled how the Northumbrian church would calculate Easter.,The Synod of Whitby,King Oswiu of Northumbria hears the case for the Irish (Iona) and Roman methods of dating Easter at the double monastery of Streanæshalch (Whitby) and decides for Rome.,religious,664,,year,"Whitby Abbey, North Yorkshire",-0.608,54.488,site,,approximate,high,"Bede's Streanæshalch is generally identified with Whitby; the pin marks the abbey headland, where remains of the early monastery lie under and around the later abbey ruins. The speeches Bede reports are his own reconstruction.",,Evidence type=historical text|Dating basis=Bede's dated narrative|Heritage status=Scheduled monument (Historic England List Entry 1017941),kingdoms,1,"Bede, Historia Ecclesiastica 3.25","Stephen of Ripon, Vita Wilfridi, ch. 10","Mayr-Harting, H., The Coming of Christianity to Anglo-Saxon England, 1972|Abels, R., 'The Council of Whitby: a study in early Anglo-Saxon politics', Journal of British Studies, 1983",open (public domain),unverified
eb:lindisfarne-gospels,lindisfarne-gospels,include,,A surviving gospel book that a 10th-century note assigns to the monastery on Lindisfarne; it is the best-known product of early Northumbrian monastic book-making.,The Lindisfarne Gospels,An illuminated gospel book made at the monastery on Lindisfarne in the early 8th century.,text,710,725,range,"Lindisfarne (Holy Island), Northumberland",-1.801,55.669,site,,approximate,medium,"Place and date rest on a colophon added in the 10th century by the priest Aldred and on style; both are widely accepted but not beyond debate. The point marks the priory site, not a known scriptorium.",,"Evidence type=surviving manuscript|Dating basis=palaeography and later colophon|Interpretation=written and decorated by Eadfrith, bishop of Lindisfarne (per colophon)",kingdoms,1,"British Library, Cotton MS Nero D IV",,"Brown, M. P., The Lindisfarne Gospels: Society, Spirituality and the Scribe, 2003|Brown, M. P., The Lindisfarne Gospels and the Early Medieval World, 2011",citation-only,unverified
eb:bede-historia-731,bede-historia-731,include,,"Bede himself dates the completion of his Ecclesiastical History to 731, and early copies of it survive.",Bede completes the Ecclesiastical History,"Bede, a monk of Wearmouth–Jarrow, finishes his Ecclesiastical History of the English People, closing it with a summary, a note on his life and a list of his works.",text,731,,year,"Jarrow, Tyne and Wear",-1.472,54.98,site,,approximate,high,"Bede belonged to the twin monastery of Wearmouth–Jarrow and lived at Jarrow, but he does not say in which house he wrote; the pin marks St Paul's, Jarrow.",,"Evidence type=historical text and surviving manuscripts|Dating basis=author's own statement|Heritage status=Grade I listed (Church of St Paul, Historic England List Entry 1355091)",kingdoms,1,"Bede, Historia Ecclesiastica 5.24","St Petersburg, National Library of Russia, MS Lat. Q. v. I. 18 (the St Petersburg Bede) — not confirmed online","Colgrave, B. and Mynors, R. A. B. (eds), Bede's Ecclesiastical History of the English People, 1969|Wood, I. N. and others, Bede the Scholar, 2023",open (public domain),unverified
eb:lindisfarne-raid-793,lindisfarne-raid-793,include,,"A raid recorded in the Chronicle and in contemporary letters, at a monastery whose site is known; drawn as a pin.",Viking raid on Lindisfarne,"Seaborne heathen raiders attacked the monastery on Lindisfarne (Holy Island), killing and carrying off members of the community and plundering the church.",conflict,793-06-08,,day,"Lindisfarne (Holy Island), Northumberland",-1.801,55.669,site,,exact,high,"The year is secure. The day is conventional: Chronicle MSS D and E give 'vi id. Ian' (8 January), which historians generally emend to 8 June (vi id. Iun), the season when sea raids were practicable. Alcuin's letters confirm the raid but give no day.",,Evidence type=annal and contemporary letters|Dating basis=annal year; day by emendation of the Chronicle,norse-age,1,"Anglo-Saxon Chronicle, MSS D and E, s.a. 793","Alcuin, letters to King Æthelred of Northumbria and to Bishop Higbald of Lindisfarne, 793 (ed. E. Dümmler, MGH Epistolae Karolini aevi II, 1895; letter numbers not confirmed online)","Swanton, M. (trans.), The Anglo-Saxon Chronicles, 1996|Whitelock, D. (ed.), English Historical Documents I, c.500–1042, 2nd edn 1979|English Heritage, 'The Viking raid on Lindisfarne' (Lindisfarne Priory history pages)",open (public domain),unverified
eb:repton-winter-camp-873,repton-winter-camp-873,include,,A winter camp named in the Chronicle and identified on the ground by excavation beside St Wystan's church; drawn as a pin.,The 'great army' winters at Repton,"The Viking army moved from Lindsey to Repton, took winter quarters there in 873–4 and drove King Burgred of Mercia from his kingdom. Excavation found a ditched enclosure using the church as part of its circuit, Scandinavian-style burials and a large charnel deposit.",fort,873,874,year,"Repton, Derbyshire",-1.551,52.84,site,,exact,high,"The Chronicle enters the wintering under 874 (its year began in autumn in this section), so the stay is given as the winter of 873–4. That the charnel deposit and the D-shaped enclosure belong to the army is an interpretation; radiocarbon redating (Jarman et al. 2018) supports it for the charnel.",,Evidence type=annal and excavation|Dating basis=annal; coins of 872–5 in a grave; radiocarbon|Interpretation=enclosure and charnel attributed to the Viking army,norse-age,2,"Anglo-Saxon Chronicle, MS A, s.a. 874","Biddle, M. and Kjølbye-Biddle, B., 'Repton and the ""great heathen army"", 873–4', in J. Graham-Campbell et al. (eds), Vikings and the Danelaw (2001), 45–96 (not confirmed online)","Jarman, C.L., Biddle, M., Higham, T. and Bronk Ramsey, C., 'The Viking Great Army in England: new dates from the Repton charnel', Antiquity 92 (2018)|Current Archaeology, 'Resolving Repton'",citation-only,unverified
eb:cuthbert-community-leaves-lindisfarne-875,cuthbert-community-leaves-lindisfarne-875,include,,The departure is recorded by the community's own later histories and is tied to a known place; drawn as a pin at Lindisfarne with a medium certainty.,St Cuthbert's community leaves Lindisfarne,"Bishop Eardwulf and Abbot Eadred left Lindisfarne with St Cuthbert's body and other relics in the face of Halfdan's army, beginning a period of movement around Northumbria.",religious,875,,year,"Lindisfarne (Holy Island), Northumberland",-1.801,55.669,site,,exact,medium,"The account comes from sources written at Chester-le-Street and Durham between the 10th and 12th centuries. Some historians argue the community had already shifted its centre to Norham before 875, so the 'departure' may be a later simplification. The seven years of wandering and its miracles are treated as tradition, not evidence.",,Evidence type=later community histories|Dating basis=12th-century chronology (Symeon)|Interpretation=seven-year wandering is later tradition,norse-age,2,"Historia de Sancto Cuthberto, c. 20 (ed. T. Johnson South, 2002)","Symeon of Durham, Libellus de exordio, book II (ed. D. Rollason, 2000; chapter not confirmed online)","Johnson South, T. (ed.), Historia de Sancto Cuthberto, 2002|Rollason, D. (ed.), Symeon of Durham: Libellus de exordio, Oxford Medieval Texts, 2000",open (public domain),unverified
eb:battle-of-edington-878,battle-of-edington-878,include,,"A battle recorded by the Chronicle and Asser; the site 'Ethandun' is usually identified with Edington in Wiltshire but not proved, so it is drawn as a halo.",Battle of Edington (Ethandun),"Alfred of Wessex gathered the men of Somerset, Wiltshire and part of Hampshire at Egbert's Stone, advanced to Ethandun and defeated Guthrum's army, which then gave hostages; Guthrum was baptised soon afterwards.",conflict,878,,year,"Edington, Wiltshire (Ethandun)",-2.106,51.278,area,10,uncertain,high,"The battle is secure. Ethandun is usually identified with Edington below the northern scarp of Salisbury Plain (Wiltshire), which fits the route via Egbert's Stone and Iley Oak, but no battlefield archaeology confirms it; Edington on the Polden Hills in Somerset has also been proposed. The month is inferred from the Chronicle's 'seventh week after Easter' (Easter fell on 23 March in 878), so early to mid May.",,"Evidence type=annal and biography|Dating basis=annal; liturgical reckoning|Interpretation=Ethandun identified with Edington, Wiltshire",norse-age,1,"Anglo-Saxon Chronicle, MS A, s.a. 878","Asser, Life of King Alfred, c. 56","Keynes, S. and Lapidge, M. (trans.), Alfred the Great: Asser's Life of King Alfred and other contemporary sources, 1983|Cook, A.S. (trans.), Asser's Life of King Alfred, 1906 (Project Gutenberg)",open (public domain),unverified
eb:cuthbert-community-chester-le-street-883,cuthbert-community-chester-le-street-883,include,,The settlement of the see at Chester-le-Street is recorded in the community's histories and the church site is known; drawn as a pin.,St Cuthbert's community settles at Chester-le-Street,"With the support of the Viking king Guthred, the community of St Cuthbert established its church and the bishop's seat at Chester-le-Street, inside the former Roman fort, where it remained until 995.",religious,883,,year,"Chester-le-Street, County Durham",-1.574,54.859,site,,exact,medium,The year 883 comes from 12th-century Durham chronology; the Historia de Sancto Cuthberto records Guthred's patronage but its own dating is loose. The church of St Mary and St Cuthbert is taken to occupy the site of the community's church.,,Evidence type=later community histories|Dating basis=12th-century chronology (Symeon),norse-age,3,"Historia de Sancto Cuthberto, c. 13 (ed. T. Johnson South, 2002; not confirmed online)","Symeon of Durham, Libellus de exordio, ii.13 (ed. D. Rollason, 2000; not confirmed online)","Johnson South, T. (ed.), Historia de Sancto Cuthberto, 2002|Rollason, D. (ed.), Symeon of Durham: Libellus de exordio, 2000",open (public domain),unverified
eb:cuerdale-hoard,cuerdale-hoard,include,,"A precisely provenanced hoard, dated by its latest coins; drawn as a pin at the find-spot by the Ribble.",The Cuerdale hoard,"A lead chest holding about 40 kg of silver (some 7,000 coins and over 1,000 pieces of ingots, ornaments and hack-silver) buried on the south bank of the Ribble near Cuerdale, Lancashire.",hoard,905,910,range,"Cuerdale, near Preston, Lancashire",-2.645,53.755,site,,approximate,high,The deposition window rests on the latest coins in the hoard. The find-spot is known to the riverbank near Cuerdale Hall rather than an exact point. Links to the Norse expelled from Dublin in 902 are interpretation.,,Evidence type=hoard of coins and bullion|Dating basis=latest coins|Interpretation=possibly linked to Hiberno-Norse movements after 902,norse-age,2,"British Museum 1841,0711.1–741","Graham-Campbell, J., The Cuerdale Hoard and related Viking-Age silver and gold from Britain and Ireland in the British Museum (British Museum Research Publication 185), 2011","Graham-Campbell, J., The Cuerdale Hoard..., 2011|Ashmolean Museum, British Archaeology Collections: Cuerdale Hoard",citation-only,unverified
eb:coppergate-tenements,coppergate-tenements,include,,"Excavated, closely dated buildings from a precisely located site in Viking-age York; drawn as a pin.","Viking-age tenements at Coppergate, York","Long, narrow property plots running back from the Coppergate street frontage, with post-and-wattle and later plank-built workshops and houses, extraordinary waterlogged preservation and evidence for crafts such as woodturning, metalworking and textile production.",town,930,1000,circa,"16–22 Coppergate, York",-1.08,53.957,site,,exact,high,"The window covers the main Anglo-Scandinavian phases of the tenements (plots laid out c. 930s; post-and-wattle buildings replaced by plank-built ones in the later 10th century), dated by dendrochronology, coins and stratigraphy; the exact phase dates are from the published series and are not confirmed online here.",,"Evidence type=excavation|Dating basis=dendrochronology, coins and stratigraphy",norse-age,1,"York Archaeological Trust, The Archaeology of York vols 8 (Anglo-Scandinavian York) and 17 (Small Finds), 16–22 Coppergate (fascicule numbers not confirmed online)","Walton, P., Textiles, Cordage and Raw Fibre from 16–22 Coppergate, The Archaeology of York 17/5, 1989","Hall, R.A., The Viking Dig, 1984|Hall, R.A. et al., Aspects of Anglo-Scandinavian York, AY 8/4, 2004|Mainman, A.J. and Rogers, N.S.H., Craft, Industry and Everyday Life: finds from Anglo-Scandinavian York, AY 17/14, 2000",citation-only,unverified
eb:battle-of-brunanburh-937,battle-of-brunanburh-937,include,,"The battle is certain but its site is disputed; drawn as a halo on the Wirral, the leading candidate, with other proposals named in the note.",Battle of Brunanburh,"Æthelstan and his brother Edmund defeated a combined army of Olaf Guthfrithson of Dublin, Constantine II of Alba and the Strathclyde Britons.",conflict,937,,year,Brunanburh (site disputed; Wirral candidate),-3.02,53.34,area,12,uncertain,high,"The battle is well attested but no source locates Brunanburh securely. Bromborough on the Wirral, whose name derives from Brunanburh, is the leading candidate, and metal-detected 10th-century finds around Brimstage, Clatterbridge and Storeton have been offered in support but are not yet fully published. Other proposals include Burnswark (Dumfriesshire), Lanchester (Co. Durham) and sites in Yorkshire and Lancashire. The halo covers the Wirral proposal only.",,"Evidence type=annal (poem) and later chronicles|Interpretation=site probably Bromborough, Wirral",norse-age,1,"Anglo-Saxon Chronicle, MSS A, B, C and D, s.a. 937 (the poem 'The Battle of Brunanburh')",Annals of Ulster s.a. 937 (not confirmed online),"Livingston, M. (ed.), The Battle of Brunanburh: A Casebook, 2011|Cavill, P., 'The site of the battle of Brunanburh: manuscripts and maps, grammar and geography', 2011 (not confirmed online)",open (public domain),unverified
eb:cuthbert-community-durham-995,cuthbert-community-durham-995,include,,The move of the see to Durham is recorded by Symeon and the site is known; drawn as a pin at the cathedral.,St Cuthbert's community settles at Durham,"Bishop Aldhun and the community moved St Cuthbert's body from Chester-le-Street, briefly to Ripon, and then to the peninsula at Durham, where a church was built for it.",religious,995,,year,Durham,-1.576,54.773,site,,approximate,medium,"The date and story come from Symeon's early 12th-century history. The later church (the White Church, dedicated 998) lies beneath or near the present cathedral, whose exact relationship to it is not established; the pin marks the cathedral. The Dun Cow story is excluded as later legend.",,Evidence type=later community history|Dating basis=12th-century chronology (Symeon),norse-age,2,"Symeon of Durham, Libellus de exordio, iii.1 (ed. D. Rollason, 2000; chapter not confirmed online)",,"Rollason, D. (ed.), Symeon of Durham: Libellus de exordio, 2000",open (public domain),unverified
eb:battle-of-stamford-bridge-1066,battle-of-stamford-bridge-1066,include,,"A well-recorded battle at a named river crossing, on the Historic England Register of Historic Battlefields; drawn as a pin with approximate location.",Battle of Stamford Bridge,Harold II marched north and surprised the Norwegian army of Harald Hardrada and Tostig at Stamford Bridge on the Derwent; both Harald and Tostig were killed.,conflict,1066-09-25,,day,"Stamford Bridge, East Riding of Yorkshire",-0.905,53.989,site,,approximate,high,"The crossing is securely identified, but where the fighting took place on either bank is reconstructed from later accounts; the pin follows the registered battlefield east of the village.",,Evidence type=annals and later chronicles|Heritage status=Registered Battlefield (Historic England 1000035),norse-age,1,"Anglo-Saxon Chronicle, MSS C, D and E, s.a. 1066",Historic England List Entry 1000035,"English Heritage, Battlefield Report: Stamford Bridge 1066, 1995|Swanton, M. (trans.), The Anglo-Saxon Chronicles, 1996",open (public domain),unverified
eb:william-lands-pevensey-1066,william-lands-pevensey-1066,include,,"The Chronicle, William of Poitiers and the Bayeux Tapestry all name Pevensey as the landing place; drawn as a pin at the Roman fort, with the exact beach unknown.",William of Normandy lands at Pevensey,"Duke William's fleet crossed the Channel and landed at Pevensey, where the Normans occupied the old Roman fort before moving east to Hastings and building a castle there.",conflict,1066-09-28,,day,"Pevensey, East Sussex",0.334,50.819,site,,approximate,high,"The Chronicle (MS D) dates the landing to Michaelmas Eve (28 September). The coastline has changed greatly since 1066, when Pevensey stood on a tidal lagoon, so the pin marks the Roman fort (Anderitum) the Normans occupied rather than a known landing beach.",,"Evidence type=annal, contemporary biography and embroidery|Heritage status=Scheduled monument (Pevensey Castle, Historic England 1013379)",norse-age,2,"Anglo-Saxon Chronicle, MS D, s.a. 1066","William of Poitiers, Gesta Guillelmi, book II (ed. R.H.C. Davis and M. Chibnall, 1998)","Bayeux Tapestry, scene 38 (titulus naming Pevensey)|Davis, R.H.C. and Chibnall, M. (eds), The Gesta Guillelmi of William of Poitiers, Oxford Medieval Texts, 1998",open (public domain),unverified
eb:battle-of-hastings-1066,battle-of-hastings-1066,include,,"The best-documented battle of the period, fought at the place later named Battle, on the Register of Historic Battlefields; drawn as a pin. The timeline ends with it.",Battle of Hastings,William of Normandy's army defeated Harold II on the ridge where Battle Abbey was later built; Harold and his brothers Gyrth and Leofwine were killed.,conflict,1066-10-14,,day,"Battle, East Sussex",0.487,50.911,site,,approximate,high,"The traditional site on the ridge below Battle Abbey rests on the abbey's foundation tradition that the altar marks where Harold fell; no battle archaeology has been found there, and alternative sites (such as Caldbec Hill and Crowhurst) have been proposed. The date is given by MS D as the feast of Pope Calixtus.",,"Evidence type=annals, contemporary biography and embroidery|Heritage status=Registered Battlefield (Historic England 1000013)",norse-age,1,"Anglo-Saxon Chronicle, MSS D and E, s.a. 1066","William of Poitiers, Gesta Guillelmi, book II (ed. R.H.C. Davis and M. Chibnall, 1998)","Bayeux Tapestry, scenes 51–58|Historic England List Entry 1000013|English Heritage, Battlefield Report: Hastings 1066, 1995",open (public domain),unverified
eb:antonine-wall,,exclude,,"A linear monument. The atlas can only draw points and regions, and a pin or halo would misrepresent a line, so it is left off the map until lines drawn from coordinates in the pack are supported.",,"The Antonine Wall, the turf frontier between the Forth and the Clyde, begun in the early 140s under Antoninus Pius.",,,,,,,,,,,,,,,,,,,,citation-only,unverified
eb:boudica-kings-cross-burial,,exclude,,"The story that Boudica lies under platform 9 or 10 at King's Cross is modern folklore, apparently growing from the old place-name Battle Bridge; no ancient source records her burial place and nothing has been found there. The revolt is shown by its sourced events instead.",,"Boudica is buried beneath platform 9 or 10 of King's Cross station, London, near the supposed site of her last battle at Battle Bridge.",,,,,,,,,,,,,,,,,,,,citation-only,unverified
eb:coppergate-excavations-1976-81,,merge,coppergate-tenements,"The York Archaeological Trust excavation of 1976–81 is how the tenements were found, not a separate Viking-age event; it is described in the tenements' narrative.",,"York Archaeological Trust's excavation at 16–22 Coppergate, 1976–81, directed by Richard Hall, which produced some 40,000 finds.",,,,,,,,,,,,,,,,,,,,citation-only,unverified
eb:cuerdale-discovery-1840,,merge,cuerdale-hoard,"The 1840 discovery by workmen repairing the Ribble embankment is how the hoard came to light, not a separate Viking-age event; it is described in the hoard's narrative.",,Discovery of the Cuerdale hoard in May 1840 during repairs to the bank of the River Ribble; most of it went to the British Museum in 1841 and the rest was dispersed.,,,,,,,,,,,,,,,,,,,,citation-only,unverified
eb:durham-dun-cow,,exclude,,The story that the community found Durham by following a milkmaid seeking her dun cow is first recorded long after the event (in the late 16th-century Rites of Durham) and is not in Symeon; it is legend. The settlement itself is recorded as cuthbert-community-durham-995.,,The legend of the Dun Cow guiding the monks to Durham.,,,,,,,,,,,,,,,,,,,,to check,unverified
eb:hadrians-wall,,exclude,,"A linear monument. The atlas can only draw points and regions, and a pin or halo would misrepresent a line, so it is left off the map until lines drawn from coordinates in the pack are supported.",,"Hadrian's Wall, the stone and turf frontier from the Tyne to the Solway, begun about AD 122.",,,,,,,,,,,,,,,,,,,,citation-only,unverified
eb:hoxne-1992-discovery,,merge,hoxne-hoard,"The 1992 metal-detector find and the excavation that followed are how the hoard came to light, not a separate Roman event; they are described in the hoard's narrative.",,The discovery of the Hoxne hoard by Eric Lawes on 16 November 1992 and its excavation by the Suffolk archaeology service.,,,,,,,,,,,,,,,,,,,,citation-only,unverified
eb:offas-dyke,,exclude,,"A linear monument. The atlas can only draw points and regions, and a pin or halo would misrepresent a line, so it is left off the map until lines drawn from coordinates in the pack are supported.",,"The great earthwork along the Welsh border that Asser, writing in 893, says King Offa of Mercia (757–796) had built from sea to sea.",,,,,,,,,,,,,,,,,"Asser, Life of King Alfred, ch. 14",,"Hill, D. and Worthington, M., Offa's Dyke: History and Guide, 2003|Ray, K. and Bapty, I., Offa's Dyke: Landscape and Hegemony in Eighth-Century Britain, 2016",open (public domain),unverified
eb:repton-excavations-1974-88,,merge,repton-winter-camp-873,"The Biddle and Kjølbye-Biddle excavations of the 1970s and 1980s are how the camp was found, not a separate early medieval event; they are described in the camp's narrative.",,"Excavations at St Wystan's, Repton, by Martin Biddle and Birthe Kjølbye-Biddle (1974–88), including the charnel deposit excavated 1980–86.",,,,,,,,,,,,,,,,,,,,citation-only,unverified
eb:staffordshire-hoard-2009-discovery,,merge,staffordshire-hoard,"The 2009 discovery is how the hoard came to light, not a separate early medieval event, so it is told in the hoard's narrative.",,"Discovery of the hoard by metal detectorist Terry Herbert on 5 July 2009, followed by excavation, declaration as Treasure and joint acquisition by Birmingham Museums and the Potteries Museum and Art Gallery, Stoke-on-Trent.",,,,,,,,,,,,,,,,,"Fern, C., Dickinson, T. and Webster, L. (eds), The Staffordshire Hoard: an Anglo-Saxon Treasure (2019)",,,citation-only,unverified
eb:sutton-hoo-1939-excavation,,merge,sutton-hoo-mound1,"The 1939 excavation is how the burial was discovered, not a separate early medieval event, so it is told in the burial's narrative.",,"The excavation of the Sutton Hoo ship burial in 1939 by Basil Brown for the landowner Edith Pretty, completed by a team under Charles Phillips; the finds were given to the British Museum.",,,,,,,,,,,,,,,,,"Bruce-Mitford, R. et al., The Sutton Hoo Ship-Burial, vol. 1 (British Museum Publications, 1975)",,,citation-only,unverified
eb:tintagel-arthur,,exclude,,"The link between Tintagel and Arthur first appears in Geoffrey of Monmouth's History of the Kings of Britain (c. 1136–38), which makes Tintagel the place of Arthur's conception some six centuries after the site's heyday; no earlier or contemporary source connects them. The archaeology is recorded separately as tintagel-trading-site.",,Arthur's court at Tintagel.,,,,,,,,,,,,,,,,,,,,open (public domain),unverified
eb:hadrian-visit-122,hadrian-visit-britain-122,include,,"An ancient biography records Hadrian's visit to Britain, and a dated military diploma places his new governor in the province by July 122; drawn as a halo over northern England because no source says where in Britain the emperor went.",Hadrian visits Britain,"The emperor Hadrian came to Britain in 122 on his tour of the western provinces, corrected abuses in the province, and (according to his biography) was the first to build a wall, eighty miles long, to divide Romans from barbarians.",political,122,,year,Northern England (Hadrian's itinerary in Britain is unrecorded),-2.000,54.800,area,150,uncertain,high,"That Hadrian visited Britain in 122 is secure, but no source records where he landed, which places he visited or how long he stayed. The halo covers the northern frontier zone, which the biography links to his visit through the wall; he will also have passed through the south, perhaps London. The year rests on the diploma of 17 July 122 showing that Platorius Nepos, who seems to have arrived with him, had just replaced Pompeius Falco as governor. The Jarrow inscription (RIB 1051) is fragmentary and does not mention the visit; linking it to the visit or to the Wall's completion is interpretation.",,Evidence type=ancient biography and military diploma|Dating basis=dated diploma of 17 July 122 and the order of Hadrian's travels|Interpretation=the visit is usually taken to have launched the building of Hadrian's Wall,high-roman,1,"Historia Augusta, Life of Hadrian 11.2","CIL XVI 69 (military diploma, 17 July 122, issued in Britain)","Birley, A. R., Hadrian: The Restless Emperor, 1997|Breeze, D. J. and Dobson, B., Hadrian's Wall (4th edn), 2000|Birley, A. R., The Roman Government of Britain, 2005|RIB 1051 (imperial dedication to Hadrian from Jarrow), Collingwood, R. G. and Wright, R. P., The Roman Inscriptions of Britain I, 1965",open (public domain),unverified
eb:severus-death-york-211,severus-death-york-211,include,,"Several ancient writers agree that Septimius Severus died at York (Eboracum) during his British wars; drawn as a pin at York, with the campaigns themselves described in the note because their routes cannot be mapped as a point.",Septimius Severus dies at York,"Septimius Severus came to Britain in 208 with his sons Caracalla and Geta to campaign against the Caledonians and Maeatae beyond the frontier; worn out by illness he died at Eboracum (York) on 4 February 211, and his sons took his ashes back to Rome.",political,211-02-04,,day,Eboracum (York),-1.082,53.962,city,,approximate,high,"York is named as the place of death by the Historia Augusta and Eutropius, but no source says in which building he died (an imperial residence is assumed, not found), so the pin marks York in general. The day, 4 February, is derived from Dio's figures for Severus's age and reign rather than stated as a calendar date by a contemporary inscription. The campaigns of 208–211 (marching camps across Scotland, the bases at South Shields and Carpow, and Caracalla's renewed campaign of 210) are attested by Dio, Herodian and archaeology, but their routes are reconstructed and are not drawn.",,Evidence type=ancient narrative histories|Dating basis=historical narrative; day calculated from Dio's figures|Interpretation=Severan supply bases and marching camps in Scotland assigned to the campaigns of 208–211,high-roman,1,"Cassius Dio, Roman History 77.11–15 (Loeb numbering; 76.11–15 in Boissevain)","Herodian, History of the Empire 3.14–15","Birley, A. R., Septimius Severus: The African Emperor (rev. edn), 1988|Ottaway, P., Roman York, 2004|Elliott, S., Septimius Severus in Scotland: The Northern Campaigns of the First Hammer of the Scots, 2018|Historia Augusta, Life of Severus 19.1 and Eutropius, Breviarium 8.19 (both name Eboracum)",open (public domain),unverified
eb:carausius-usurpation,carausius-usurpation-286,include,,"Late Roman historians and panegyrics record that the fleet commander Carausius seized power and ruled Britain as emperor; his own coins, struck in Britain, confirm it. Drawn as a halo over the province because the seizure has no recorded place.",Carausius seizes power in Britain,"Carausius, a Menapian from the Low Countries given command of the Channel fleet against Frankish and Saxon raiders, was accused of keeping the pirates' plunder and condemned by Maximian; he declared himself emperor and held Britain and part of northern Gaul until he was murdered by Allectus in 293.",political,286,287,range,Roman Britain (with part of northern Gaul),-1.500,52.500,area,300,uncertain,high,"The usurpation is certain; its year is not. Aurelius Victor gives Carausius about seven years of rule, ending with his murder by Allectus, which most date to 293; this points to 286, but some scholars prefer late 286 or 287, and the evidence of his coinage and of Maximian's campaigns has been argued both ways. No source records where he was proclaimed: his base had been Boulogne (Bononia), and he may have been acclaimed there or after crossing to Britain. The halo marks the province he ruled, not a place of proclamation.",,"Evidence type=late Roman histories, panegyrics and the usurper's own coinage|Dating basis=reign length in Aurelius Victor counted back from 293|Interpretation=coin legends (Expectate veni, RSR) read as claims to restore a golden age",late-roman,1,"Aurelius Victor, De Caesaribus 39.20–21, 39.39–40","Panegyrici Latini X(2) (289) and VIII(5) (297); Eutropius, Breviarium 9.21–22","Casey, P. J., Carausius and Allectus: The British Usurpers, 1994|Nixon, C. E. V. and Rodgers, B. S., In Praise of Later Roman Emperors: The Panegyrici Latini, 1994|Webb, P. H., Roman Imperial Coinage V.2, 1933 (coinage of Carausius)",open (public domain),unverified
eb:constantine-proclaimed-york-306,constantine-proclaimed-york-306,include,,Christian and secular writers of the 4th century agree that Constantius I died at York and that his army there made his son Constantine emperor; drawn as a pin at York.,Constantine proclaimed emperor at York,"Constantine escaped from Galerius's court, joined his father Constantius I in Britain after a campaign against the Picts, and when Constantius died at York on 25 July 306 the army proclaimed Constantine emperor in his place.",political,306-07-25,,day,Eboracum (York),-1.082,53.962,city,,approximate,high,"York is named by the Origo Constantini and Eutropius; Lactantius and Eusebius describe the death and succession without naming the place. Where in York it happened is unknown, so the pin marks York in general. The day comes from the date Constantine later kept as the anniversary of his accession. Whether the troops hailed him Augustus (as Lactantius and Eusebius imply) or Caesar (as the Origo says, and as Galerius recognised him) is a matter of the sources' differing emphasis; the Alamannic king Crocus is said by a later writer to have backed the acclamation.",,Evidence type=ancient narrative histories and biography|Dating basis=historical narrative and Constantine's accession anniversary|Interpretation=title first claimed (Augustus or Caesar) differs between sources,late-roman,1,"Lactantius, De mortibus persecutorum 24","Origo Constantini Imperatoris (Anonymus Valesianus, pars prior) 2.4","Eusebius, Life of Constantine 1.21–22, trans. Cameron, A. and Hall, S. G., 1999|Eutropius, Breviarium 10.1–2|Barnes, T. D., Constantine and Eusebius, 1981|Ottaway, P., Roman York, 2004",open (public domain),unverified
eb:constantine-iii-proclaimed-407,constantine-iii-proclaimed-407,include,,Three independent late Roman historians record that the army in Britain raised a soldier named Constantine to the purple and that he took troops across to Gaul; drawn as a halo over the province because no place is recorded.,Constantine III proclaimed in Britain,"After murdering two short-lived usurpers, Marcus and Gratian, the army in Britain proclaimed a soldier, Flavius Claudius Constantinus (Constantine III), emperor in 407; he crossed to Gaul with the island's mobile troops, made himself master of Gaul and Spain, and was defeated and killed in 411.",political,407,,year,Roman Britain (the army of the province),-1.500,52.500,area,300,uncertain,high,"No source names where Constantine was proclaimed or which garrison raised him. The year is debated within the sources: Zosimus dates the first mutiny (Marcus) to 406 in one place and 407 in another, and Orosius puts the usurpations in 408; most historians place the mutiny in 406 and Constantine's elevation and crossing to Gaul in 407. Orosius says he was chosen for his name rather than his merit. That his departure with the field army marked the effective end of Roman military government in Britain is interpretation.",,"Evidence type=late Roman narrative histories|Dating basis=consular dating in Zosimus, partly contradictory|Interpretation=withdrawal of troops taken as a step towards the end of Roman Britain",late-roman,1,"Zosimus, New History 6.2–3","Orosius, Seven Books of History against the Pagans 7.40.4","Olympiodorus of Thebes, fragment 13 (Blockley, R. C., The Fragmentary Classicising Historians of the Later Roman Empire II, 1983)|Sozomen, Ecclesiastical History 9.11|Kulikowski, M., Barbarians in Gaul, usurpers in Britain, Britannia 31, 2000|Drinkwater, J. F., The usurpers Constantine III (407–411) and Jovinus (411–413), Britannia 29, 1998|Esmonde Cleary, A. S., The Ending of Roman Britain, 1989",open (public domain),unverified
eb:mons-graupius,mons-graupius-83,include,,"Tacitus describes the battle in detail, but no site has been proved on the ground; drawn as a halo over the north-east Scottish lowlands where the leading candidate sites lie, not as a pin.",Battle of Mons Graupius,"Agricola's army defeated a confederation of Caledonian peoples, led according to Tacitus by Calgacus, at a hill he calls Mons Graupius, in the seventh season of Agricola's governorship (AD 83 or 84).",conflict,83,84,range,"Mons Graupius, north-east Scotland (site unknown)",-2.450,57.100,area,45,uncertain,high,"That a major battle took place is accepted, but Tacitus, the only source, gives no usable location and is writing a eulogy of his father-in-law, so his numbers (about 30,000 Britons, 10,000 dead, 360 Romans) and Calgacus's speech are literary. The year is 83 or 84, depending on whether Agricola's governorship began in 77 or 78. Candidate sites include Bennachie near Inverurie (with the large marching camp at Durno), Raedykes and Kempstone Hill near Stonehaven, and Duns Dish in Angus; sites in Moray and further south have also been argued. The halo covers the main north-east candidates; no battlefield archaeology has been found at any of them.",,"Evidence type=ancient narrative|Dating basis=Agricola's campaign seasons in Tacitus|Interpretation=site often identified with Bennachie (Durno camp); Raedykes, Kempstone Hill and others proposed",early-roman,1,"Tacitus, Agricola 29–38",,"St Joseph, J. K., The camp at Durno, Aberdeenshire, and the site of Mons Graupius, Britannia 9, 1978|Maxwell, G. S., A Battle Lost: Romans and Caledonians at Mons Graupius, 1990|Hanson, W. S., Agricola and the Conquest of the North, 1987",open (public domain),unverified
eb:inchtuthil-fortress,inchtuthil-fortress,include,,"A precisely located, fully excavated legionary fortress, dated by its excavated sequence and by coins; drawn as a pin on the site above the Tay.",Inchtuthil: the unfinished legionary fortress,"A legionary fortress of about 21.5 hectares on a plateau above the River Tay in Perthshire, begun in the early 80s AD during Agricola's northern campaigns and systematically dismantled before it was finished, about AD 86–87.",fort,83,87,circa,"Inchtuthil, near Caputh, Perth and Kinross",-3.424,56.541,site,,exact,high,"The start date (AD 82 or 83) is inferred from Agricola's campaigns rather than an inscription. The end is dated by the latest coins, bronze asses and dupondii of Domitian of AD 86 in almost unworn condition, so abandonment in late 86 or 87; some writers prefer 86 or even 85/86. The fortress is usually assigned to Legio XX, and is sometimes identified with Ptolemy's Pinnata Castra, but neither is attested on the site.",,Evidence type=excavated fortress plan and nail hoard|Dating basis=unworn coins of AD 86 and historical context|Interpretation=garrison usually taken to be Legio XX; identification with Pinnata Castra uncertain|Heritage status=Scheduled monument (Historic Environment Scotland SM1606),early-roman,1,"Pitts, L. F. and St Joseph, J. K., Inchtuthil: The Roman Legionary Fortress, Excavations 1952–65 (Britannia Monograph 6), 1985",Canmore / trove.scot place 28592 (Inchtuthil); Historic Environment Scotland Scheduled Monument SM1606,"Hobley, A. S., The numismatic evidence for the post-Agricolan abandonment of the Roman frontier in northern Scotland, Britannia 20, 1989|Shirley, E. A. M., The building of the legionary fortress at Inchtuthil, Britannia 27, 1996|Hanson, W. S., Agricola and the Conquest of the North, 1987",citation-only,unverified
eb:bloomberg-tablets,bloomberg-tablets,include,,"Excavated and published writing tablets from a precisely located site in the City of London, including the earliest dated handwritten document from Britain; drawn as a pin on the Bloomberg site.","The Bloomberg writing tablets, London","Some 405 wooden stylus tablets from waterlogged deposits beside the Walbrook stream, excavated by MOLA in 2010–14 on the Bloomberg site; 87 have been read, among them a loan record dated 8 January AD 57 and the earliest written mention of London.",text,50,80,range,"Bloomberg site, Queen Victoria Street / Walbrook, City of London",-0.091,51.513,site,,exact,high,"The collection is dated by the stratified deposits it came from to roughly AD 50–80, with some from the earliest years of the town; individual tablets date to a day only where the text gives one, as WT44 does (8 January AD 57). The wax has gone, so texts are read from stylus scratches in the wood, and many readings are partial. That Tibullus and Gratus were freedmen acting for their former masters is Tomlin's interpretation of the text.",,Evidence type=excavated stylus writing tablets|Dating basis=stratified deposits; consular date on WT44|Interpretation=parties to WT44 read as freedmen acting as business agents,early-roman,1,"Tab. Lond. Bloomberg 44 (WT44), dated 8 January AD 57, in Tomlin, R. S. O., Roman London's First Voices: Writing Tablets from the Bloomberg Excavations, 2010–14 (MOLA Monograph 72), 2016","Roman Inscriptions of Britain online, Tab.Lond.Bloomberg 44: https://romaninscriptionsofbritain.org/inscriptions/TabLondBloomberg44","Tomlin, R. S. O., Roman London's First Voices: Writing Tablets from the Bloomberg Excavations, 2010–14 (MOLA Monograph 72), 2016",citation-only,unverified
eb:caerleon-amphitheatre,caerleon-amphitheatre,include,,"A precisely located, excavated amphitheatre outside the legionary fortress of Isca, built about AD 90; drawn as a pin on the monument.",Caerleon: the legionary amphitheatre,"An oval amphitheatre about 90 by 70 m, with stone outer walls, buttresses and earth banks for timber seating, built c. AD 90 outside the west wall of the fortress of Legio II Augusta at Caerleon (Isca) and excavated by Mortimer and Tessa Wheeler in 1926–27.",fort,90,,circa,"Caerleon (Isca), Newport",-2.960,51.610,site,,exact,high,"The construction date of about AD 90 rests on finds and building sequence from the 1926–27 excavation and later work, not on a building inscription, so it is approximate. Capacity figures (about 6,000) are modern estimates.",,Evidence type=excavated standing masonry|Dating basis=excavated finds and building sequence|Heritage status=Scheduled monument (Cadw MM232),early-roman,2,"Wheeler, R. E. M. and Wheeler, T. V., The Roman amphitheatre at Caerleon, Monmouthshire, Archaeologia 78, 1928, 111–218",Cadw Scheduled Monument MM232 (Caerleon Roman Amphitheatre); Coflein NPRN 95650,"Cadw, Caerleon Roman Amphitheatre (site guidance), https://cadw.gov.wales/visit/places-to-visit/caerleon-roman-amphitheatre",citation-only,unverified
eb:caerleon-round-table,,exclude,,"Medieval legend, not evidence: from Geoffrey of Monmouth onwards Caerleon was linked with King Arthur, and the grassed-over amphitheatre was known as 'King Arthur's Round Table'. The amphitheatre itself is mapped from its archaeology.",,The tradition that the Caerleon amphitheatre was King Arthur's Round Table and Caerleon an Arthurian court.,,,,,,,,,,,,,,,,,,,,citation-only,unverified
eb:silchester-ogham-stone,silchester-ogham-stone,include,,"An inscribed stone excavated from a recorded well in the Roman town of Calleva, the only ogham inscription found east of the Severn; drawn at the findspot in Insula IX.",The Silchester ogham stone,"A reused Roman sandstone baluster, about 60 cm tall, found upside down in a well in Insula IX at Silchester in 1893, bearing an ogham inscription naming a man usually read as (T)Ebicatos, 'son of the tribe of' an unknown group.",text,410,650,range,"Calleva Atrebatum (Silchester), Hampshire",-1.085,51.358,site,,approximate,medium,"The date is debated. Ogham inscriptions in Britain have traditionally been dated on letter forms and language to the 5th–7th centuries. Fulford, Handley and Clarke (2000) argued for an earlier date: oak from the bottom of the well gave radiocarbon ranges of about AD 130–380 and 320–540, and they suggested the well went out of use about 350–425, which would put the stone around or just before 410. The window used here starts at 410 and follows the 5th-century occupation of the cottage beside the well found by Reading's Insula IX excavations; an earlier date is possible. The reading of the name (Ebicatos or Tebicatos) is disputed, and the inscription is taken to show Irish-speaking incomers. The pin marks Insula IX, not the exact well.",,"Evidence type=inscribed stone (ogham) from a well|Dating basis=radiocarbon from well timbers, stratigraphy and epigraphic style|Interpretation=evidence for an Irish-speaking presence in 5th-century Calleva",after-rome,2,"CIIC 496 (Macalister, R. A. S., Corpus Inscriptionum Insularum Celticarum I, 1945)","Fulford, M., Handley, M. and Clarke, A., An early date for ogham: the Silchester ogham stone rehabilitated, Medieval Archaeology 44, 2000, 1–23","Fulford, M., Silchester Revealed: The Iron Age and Roman Town of Calleva, 2021|Reading Museum, The Ogham Stone from Silchester (blog), https://www.readingmuseum.org.uk/blog/ogham-stone-from-silchester",citation-only,unverified
eb:columba-iona-563,columba-iona-563,include,,"Irish annals, Adomnán's Life of Columba and Bede all record Columba's coming to Iona and founding a monastery there; the traditional date is 563, and radiocarbon dates from the monastery fit his lifetime.",Columba founds the monastery on Iona,"The Irish abbot Columba (Colum Cille) sails from Ireland to Britain with companions and founds a monastery on the island of Iona (Í, Bede's Hii), off Mull, which becomes the head of a network of churches in Ireland and northern Britain.",religious,563,,circa,"Iona Abbey, Isle of Iona, Argyll",-6.392,56.334,site,,approximate,high,"That Columba founded the monastery is secure, but 563 is the traditional date: the Annals of Ulster put his voyage in 563, in his forty-second year, Adomnán places it two years after the battle of Cúl Drebene, and Bede gives 565 and says the Picts granted him the island (Irish tradition credits the Dál Riatan king Conall). The pin marks the medieval abbey, under and around which the early monastery lies inside its earthwork vallum; no building can be tied to the founding year. That the hut on Tòrr an Aba was Columba's own writing cell is interpretation.",,"Evidence type=annal, hagiography and history; excavated monastic enclosure|Dating basis=annal entry (traditional date); Bede gives 565; radiocarbon from Tòrr an Aba (AD 540–650)|Interpretation=Tòrr an Aba hut identified as Columba's cell|Heritage status=Scheduled monument (Historic Environment Scotland SM90173)",after-rome,1,"Annals of Ulster, U563.4","Adomnán, Vita Columbae, second preface; Bede, Historia Ecclesiastica 3.4","Sharpe, R. (trans.), Adomnán of Iona: Life of St Columba, 1995|Campbell, E. and Maldonado, A., 'A New Jerusalem ""at the ends of the earth"": interpreting Charles Thomas's excavations at Iona Abbey 1956–63', Antiquaries Journal 100, 2020|Fraser, J. E., From Caledonia to Pictland: Scotland to 795, 2009",open (public domain),unverified
eb:aidan-lindisfarne-635,aidan-lindisfarne-635,include,,"Bede records that King Oswald brought Aidan from Iona and gave him Lindisfarne as his see; the monastery site is known and scheduled, so it is drawn as a pin.",Aidan founds the monastery on Lindisfarne,"At the request of King Oswald of Northumbria, the community of Iona sends the monk Aidan as bishop; Oswald grants him the tidal island of Lindisfarne, near the royal centre at Bamburgh, for his see and monastery.",religious,635,,circa,"Lindisfarne (Holy Island), Northumberland",-1.801,55.669,site,,approximate,high,"Bede does not give the year in his account of Aidan's coming; 635 is worked out from Oswald's accession in 634 and Bede's statement that Aidan died in 651 in the seventeenth year of his episcopate, so it could be 634 or 635. The pin marks the priory site, where the early monastery lies under and around the later ruins; no 7th-century building has been securely identified.",,Evidence type=historical text|Dating basis=inferred from Bede's regnal and episcopal reckonings|Heritage status=Scheduled monument (Historic England List Entry 1011650),kingdoms,1,"Bede, Historia Ecclesiastica 3.3","Bede, Historia Ecclesiastica 3.5 and 3.17 (Aidan's death in 651) — chapter 3.17 not confirmed online","Colgrave, B. and Mynors, R. A. B. (eds), Bede's Ecclesiastical History of the English People, 1969|Mayr-Harting, H., The Coming of Christianity to Anglo-Saxon England, 1972|Stancliffe, C. and Cambridge, E. (eds), Oswald: Northumbrian King to European Saint, 1995",open (public domain),unverified
eb:wearmouth-foundation-674,wearmouth-foundation-674,include,,"Bede records that Benedict Biscop founded Wearmouth on land from King Ecgfrith in 674, and the west wall and porch of St Peter's church survive from that building; drawn as a pin.",Benedict Biscop founds Wearmouth,"Benedict Biscop, a Northumbrian nobleman turned monk, receives land at the mouth of the Wear from King Ecgfrith and founds the monastery of St Peter, bringing masons and glaziers from Gaul to build its church in stone.",religious,674,,year,"St Peter's Church, Monkwearmouth, Sunderland",-1.374,54.913,site,,exact,high,,,Evidence type=historical text; standing church fabric; excavated monastic buildings|Dating basis=Bede's dated narrative|Heritage status=Scheduled monument (Historic England List Entry 1017222); church Grade I listed (List Entry 1217958),kingdoms,2,"Bede, Historia abbatum, c. 4 — chapter number not confirmed online",Historic England List Entry 1017222 (Monkwearmouth Anglo-Saxon monastery and medieval priory),"Cramp, R., Wearmouth and Jarrow Monastic Sites, 2 vols, 2005–2006|Grocock, C. and Wood, I. N. (eds), Abbots of Wearmouth and Jarrow, 2013|Wood, I. N., 'Bede's Jarrow', in Lees, C. A. and Overing, G. R. (eds), A Place to Believe In, 2006",open (public domain),unverified
eb:jarrow-dedication-685,jarrow-dedication-685,include,,"An inscription still in St Paul's church records its dedication on 23 April 685, giving a day-precise date for the founding of Jarrow, Wearmouth's twin house; drawn as a pin at the church.","Dedication of St Paul's, Jarrow","The church of St Paul at Jarrow, the second house of Benedict Biscop's twin monastery, founded on land given by King Ecgfrith in 681 or 682 under Ceolfrith, is dedicated on 23 April 685, as recorded by a Latin inscription set in the church wall.",religious,685-04-23,,day,"St Paul's Church, Jarrow, Tyne and Wear",-1.472,54.98,site,,exact,high,,,"Evidence type=dated dedication inscription; standing church fabric|Dating basis=regnal and abbatial years in the inscription (15th year of Ecgfrith, 4th of Ceolfrith; 9th day before the Kalends of May)|Heritage status=Grade I listed (Church of St Paul, Historic England List Entry 1355091)",kingdoms,2,"Dedication inscription, St Paul's Church, Jarrow (Corpus of Anglo-Saxon Stone Sculpture I, Jarrow 17)","Bede, Historia abbatum, c. 7 (foundation of Jarrow) — chapter number not confirmed online","Higgitt, J., 'The dedication inscription at Jarrow and its context', Antiquaries Journal 59, 1979, 343–374|Cramp, R., Corpus of Anglo-Saxon Stone Sculpture I: County Durham and Northumberland, 1984|Cramp, R., Wearmouth and Jarrow Monastic Sites, 2 vols, 2005–2006",citation-only,unverified
eb:alfred-athelney-878,alfred-athelney-878,include,,The Chronicle and Asser both record that Alfred built a fortified base at Athelney in the Somerset marshes after Easter 878 and raided the Viking army from it before Edington; the island is known and scheduled.,Alfred's fortress at Athelney,"After Guthrum's surprise attack on Chippenham early in 878, Alfred withdraws with a small following into the Somerset marshes; after Easter he fortifies Athelney and, with the men of Somerset, harries the Viking army until he gathers his forces for Edington.",political,878,,year,"Athelney, Somerset Levels, Somerset",-2.934,51.059,site,,approximate,high,"The episode is securely recorded and Athelney is a known island of higher ground in the Levels, but the 878 works themselves have not been firmly identified: the fort is thought to have stood on the western summit, with the later abbey (founded by Alfred in the 880s) on the eastern, and a fortified causeway to East Lyng has been suggested. The season (after Easter, which fell on 23 March) comes from the texts.",,Evidence type=annal and biography|Dating basis=annal; 'after Easter' 878|Interpretation=fort on the western summit of the Isle of Athelney|Heritage status=Scheduled monument (Historic England List Entry 1019099),norse-age,2,"Anglo-Saxon Chronicle, MS A, s.a. 878","Asser, Life of King Alfred, cc. 53 and 55 (c. 92 on the Athelney monastery)","Keynes, S. and Lapidge, M. (trans.), Alfred the Great: Asser's Life of King Alfred and other contemporary sources, 1983|Historic England List Entry 1019099 (Anglo-Saxon occupation site and site of Athelney Abbey on Athelney Hill)",open (public domain),unverified
eb:alfred-burns-the-cakes,,exclude,,"The story of Alfred, in hiding, letting a herdsman's wife's loaves burn first appears in the anonymous Life of St Neot (late 10th or early 11th century), about a century after 878; neither the Chronicle nor Asser has it (it was later copied into the 1574 printed edition of Asser). Alfred's stay at Athelney is recorded separately as alfred-athelney-878.",,"While hiding at Athelney, Alfred is set to watch loaves baking in a peasant woman's hut, lets them burn, and is scolded by her.",,,,,,,,,,,,,,,,,,,,open (public domain),unverified
eb:alfred-jewel,alfred-jewel,include,,"A precisely identified object with an Old English inscription naming Ælfred, found near Athelney; drawn as a halo because only the parish of the 1693 find is recorded.",The Alfred Jewel,"A teardrop of rock crystal over a cloisonné enamel figure, set in gold with filigree and ending in an animal head with a socket; round the edge runs the openwork inscription AELFRED MEC HEHT GEWYRCAN, 'Alfred ordered me to be made'. It is usually taken to be the handle of an aestel, a reading pointer.",hoard,871,899,range,"Newton Park, North Petherton, Somerset",-3.013,51.093,area,4,uncertain,medium,"The object and its inscription are not in doubt; the date window is Alfred's reign and rests on identifying the Ælfred of the inscription with the king, which is almost universally accepted (supported by the find-spot near Athelney and the style) but not proved. Its use as an aestel handle, and the link with the aestels Alfred said he sent out with his translation of Gregory's Pastoral Care, are interpretations. The 1693 find is recorded only as at Newton Park in North Petherton parish, so the halo covers the parish rather than a known spot.",,"Evidence type=inscribed gold, enamel and rock-crystal object|Dating basis=inscription and style (reign of Alfred, 871–899)|Interpretation=handle of an aestel (reading pointer); made for King Alfred",norse-age,1,Ashmolean Museum AN1836 p.135.371,"Musgrave, W., account of the jewel, Philosophical Transactions of the Royal Society 20, no. 247, 1698","Earle, J., The Alfred Jewel: An Historical Essay, 1901|Hinton, D. A., A Catalogue of the Anglo-Saxon Ornamental Metalwork 700–1100 in the Department of Antiquities, Ashmolean Museum, 1974|Keynes, S. and Lapidge, M. (trans.), Alfred the Great, 1983 (Pastoral Care preface on aestels)",citation-only,unverified
eb:alfred-jewel-discovery-1693,,merge,alfred-jewel,"The 1693 ploughing-up of the jewel is how it came to light, not a separate event of Alfred's time; it is described in the jewel's narrative.",,"Discovery of the Alfred Jewel in 1693 at Newton Park, North Petherton, on land of Sir Thomas Wroth; first published by William Musgrave in 1698 and given to Oxford by Colonel Nathaniel Palmer in 1718.",,,,,,,,,,,,,,,,,,,,citation-only,unverified
eb:wallingford-burh,wallingford-burh,include,,Wallingford appears in the Burghal Hidage list of West Saxon fortified places and its earthwork defences survive and are scheduled; drawn as a pin at the town with a date window.,The burh at Wallingford,"A large rectangular defended town on the west bank of the Thames at a crossing point, enclosed by an earth bank and ditch, assessed at 2,400 hides in the Burghal Hidage, the list of the burhs of Wessex and the hides assigned to man their walls.",town,878,919,range,"Wallingford, Oxfordshire (historic Berkshire)",-1.125,51.6,city,,approximate,high,"That Wallingford was a burh is secure, but its foundation date is not recorded. The Burghal Hidage is usually dated 914–919 (Edward the Elder), though some argue it reflects arrangements of about 878–880; the defences are generally attributed to Alfred's reign after Edington. The window runs from 878 to the latest usual date of the list. The pin marks the town within the surviving rampart circuit, best preserved on the west side.",,Evidence type=administrative list and surviving earthwork defences|Dating basis=Burghal Hidage (usually dated 914–919) and excavation|Interpretation=founded under Alfred as part of a planned system of burhs|Heritage status=Scheduled monument (Historic England List Entry 1006293),norse-age,2,"Burghal Hidage, entry for Wallingford (2,400 hides), ed. Hill and Rumble 1996",Historic England List Entry 1006293 (Wallingford town defences),"Hill, D. and Rumble, A. R. (eds), The Defence of Wessex: The Burghal Hidage and Anglo-Saxon Fortifications, 1996|Christie, N. and Creighton, O., with Edgeworth, M. and Hamerow, H., Transforming Townscapes: From Burh to Borough: The Archaeology of Wallingford, AD 800–1400 (Society for Medieval Archaeology Monograph 35), 2013",citation-only,unverified
